"ID";"Specimen";"Reporter";"Order";"Concentration";"Time";"Temperature"
35;76;34;"Primary";;;
36;76;143;"Primary";;;
37;77;143;"Primary";;;
38;77;33;"Primary";;;
39;78;143;"Primary";;;
40;78;31;"Primary";;;
41;76;36;"Secondary";;;
42;77;36;"Secondary";;;
43;78;36;"Secondary";;;
44;79;143;"Primary";;;
45;79;32;"Primary";;;
46;79;36;"Secondary";;;
47;80;141;"Primary";;;
48;80;33;"Primary";;;
49;80;36;"Secondary";;;
50;81;141;"Primary";;;
51;81;34;"Primary";;;
52;81;36;"Secondary";;;
53;82;141;"Primary";;;
54;82;32;"Primary";;;
55;82;36;"Secondary";;;
56;83;142;"Primary";;;
57;83;33;"Primary";;;
58;83;36;"Secondary";;;
59;84;142;"Primary";;;
60;84;34;"Primary";;;
61;84;36;"Secondary";;;
62;85;142;"Primary";;;
63;85;31;"Primary";;;
64;85;36;"Secondary";;;
65;93;37;"Primary";;;
66;96;38;"Primary";;"36";4
67;96;39;"Secondary";"1:50";"1";
68;98;147;"Primary";;;
69;98;40;"Secondary";"1:1000";"12";
70;99;148;"Primary";;;
71;99;40;"Secondary";"1:1000";"12";
72;101;41;"Primary";"1:3000";"12";4
73;101;167;"Secondary";"1:100";;
75;104;44;"Primary";"1:2000";;
76;105;45;"Secondary";"1:4000";;
77;111;149;"Primary";"10^6 c.p.m";"12";55
78;111;152;"Primary";"20 ng";"12";55
79;112;150;"Primary";"10^6 c.p.m";"12";55
80;112;152;"Primary";"20 ng";"12";55
81;113;151;"Primary";"1,5 * 10^6 c.p.m";"12";55
82;113;152;"Primary";"20 ng";"12";55
83;110;146;"Primary";;"12";55
84;110;152;"Primary";"20 ng";"12";55
85;111;46;"Secondary";"1:1000";"5";21
86;112;46;"Secondary";"1:1000";"5";21
87;113;46;"Secondary";"1:1000";"5";21
88;110;46;"Secondary";"1:1000";"5";21
93;128;51;"Primary";"1:2000-4000";"36";21
94;128;52;"Secondary";"1:100";"0,5";
95;131;53;"Primary";"1:2000";"12";21
96;132;54;"Primary";"1:6000";"12";21
97;133;55;"Primary";"1:3000";"60";4
98;131;56;"Secondary";"1:100";;
99;133;56;"Secondary";"1:100";;
100;132;56;"Secondary";"1:100";;
101;138;62;"Primary";"1:10000";"48";4
102;135;57;"Primary";"1:20000";"48";4
103;137;59;"Primary";"1:5000";"48";4
104;140;61;"Primary";"1:1000";"48";4
105;136;58;"Primary";"1:5000";"48";4
106;139;60;"Primary";"1:3000";"48";4
107;135;167;"Secondary";"1:1000";"12";21
108;137;167;"Secondary";"1:1000";"12";21
109;138;167;"Secondary";"1:1000";"12";21
110;140;167;"Secondary";"1:1000";"12";21
111;136;167;"Secondary";"1:1000";"12";21
112;139;167;"Secondary";"1:1000";"12";21
113;146;65;"Primary";"1:10000";"48";4
114;145;51;"Primary";"1:1000";"48";4
115;146;63;"Secondary";"1:200";"1";21
116;145;50;"Secondary";"1:200";"1";21
117;151;65;"Primary";"1:1000";"48";4
118;151;67;"Secondary";"1:200";;
119;150;68;"Primary";"1:1000";"48";4
120;150;167;"Secondary";"1:200";;
121;159;69;"Primary";"1:1000";"12";4
122;159;70;"Secondary";"1:50";"1";21
123;166;71;"Primary";"1:1000";"18";
124;165;42;"Secondary";"1:40";"4";
125;168;72;"Primary";"1:500";"48";4
126;168;73;"Primary";"1:200";"48";4
127;168;168;"Secondary";;;
128;170;75;"Primary";"1:1000";"36";4
129;170;167;"Secondary";"1:200";"1";21
130;175;153;"Primary";;"3,5";50
131;175;154;"Primary";;"3,5";50
132;175;40;"Secondary";"1:500";"12";4
133;182;76;"Primary";"1:400";"48";4
134;180;76;"Primary";"1:400";"48";4
135;182;70;"Secondary";"1:20";;
136;180;70;"Secondary";"1:20";;
137;185;289;"Primary";"2 ng/ml";"17,5";50
138;186;288;"Primary";"2 ng/ml";"17,5";50
139;187;77;"Primary";"1:1000";"24";4
140;187;78;"Secondary";"1:500";"1,5";
141;190;79;"Primary";"1:4000";"12";4
142;190;81;"Secondary";"1:500";"1";21
143;190;80;"Primary";"1:5000";"12";4
144;190;166;"Secondary";"1:500";"1";21
145;191;79;"Primary";"1:4000";"12";4
146;191;80;"Primary";"1:5000";"12";4
147;191;81;"Secondary";"1:500";"1";21
148;191;166;"Secondary";"1:500";"1";21
149;198;82;"Primary";;"12";4
150;199;82;"Primary";;"12";4
151;200;83;"Primary";;"12";4
152;198;84;"Secondary";;;
153;199;84;"Secondary";;;
154;205;85;"Primary";"1:100";"72";4
155;205;165;"Secondary";"1:50";"1";4
160;208;65;"Primary";"1:1000";"72";4
161;211;38;"Primary";"1:500";"72";3
162;208;89;"Secondary";"1:50";"1";21
163;211;176;"Secondary";"1:50";"1";21
164;214;90;"Primary";;"48";4
165;214;91;"Secondary";"1:50";"12";4
166;217;71;"Primary";"1:10000";;
167;217;166;"Secondary";"1:400";"1";21
168;219;291;"Primary";;"12";65
169;219;290;"Primary";;"12";65
170;220;157;"Primary";;"12";65
171;219;92;"Secondary";"1:2000";"12";4
172;220;92;"Secondary";"1:2000";"12";4
173;219;82;"Primary";"1:5000";"12";4
174;220;82;"Primary";"1:5000";"12";4
175;219;172;"Secondary";"1:200";"12";4
176;220;172;"Secondary";"1:200";"12";4
177;230;93;"Primary";"1:200";"12";
178;230;167;"Secondary";"1:200";"1";
179;234;94;"Primary";;"48";4
180;234;170;"Secondary";"1:200";"1";
181;235;95;"Primary";;"48";4
182;235;170;"Secondary";"1:200";"1";
183;237;158;"Primary";"2 pmol/ml";"24";37
184;238;159;"Primary";"2 pmol/ml";"24";37
185;239;160;"Primary";"2 pmol/ml";"24";37
186;241;96;"Primary";"1:3000";"12";4
187;241;39;"Secondary";"1:300";"2";4
188;242;47;"Primary";"1:1000";"12";4
189;242;171;"Secondary";"1:300";"2";
190;245;95;"Primary";"1:1000";;
191;248;97;"Primary";"1:400";"12";21
192;248;98;"Primary";"1:400";"12";21
193;248;170;"Secondary";"1:200";"0,5";
194;248;99;"Secondary";;;
195;251;100;"Primary";"1:2000";;
196;259;102;"Primary";"1 µg/ml";;
197;261;132;"Primary";"1 µg/ml";;
198;262;102;"Primary";"1 µg/ml";;
199;260;132;"Primary";"1 µg/ml";;
200;264;71;"Primary";"1:200";"12";4
201;264;36;"Secondary";;"1";21
202;267;106;"Primary";"1:4000";"12";4
203;266;104;"Primary";"1:8000";"12";4
204;268;105;"Primary";"1:1000";"12";4
205;266;167;"Secondary";;;
206;268;167;"Secondary";;;
207;267;167;"Secondary";;;
208;272;107;"Primary";"1:10000";"15";21
209;272;108;"Primary";"1:6000";"15";21
210;272;50;"Secondary";"1:200";"1";21
211;272;50;"Secondary";"1:200";"1";21
212;276;109;"Primary";"1:500";"12";4
213;276;50;"Secondary";"1:200";"1";21
214;280;110;"Primary";"1:1500";"48";4
215;280;167;"Secondary";"1:400";;21
216;286;111;"Primary";"1:1000";"48";4
217;286;112;"Secondary";"1:100";"2";
218;296;37;"Primary";"1:1500";;
219;297;37;"Primary";"1:1500";;
220;298;37;"Primary";"1:1500";;
221;299;37;"Primary";"1:1500";;
222;296;167;"Secondary";;;
223;297;167;"Secondary";;;
224;298;167;"Secondary";;;
225;299;167;"Secondary";;;
226;302;113;"Primary";"1:200";"72";4
227;302;114;"Secondary";"1:200";;
228;303;113;"Primary";"1:200";"72";4
229;303;114;"Secondary";"1:200";;
230;305;115;"Primary";"1:10000";"0,4";35
231;305;167;"Secondary";"1:500";"0,5";35
232;306;116;"Primary";"1:250";;
233;306;91;"Secondary";;;
234;307;161;"Primary";"1×10^7 dpm/ml";"12";58
235;307;162;"Primary";"1×10^7 dpm/ml";"12";58
236;307;46;"Secondary";;;
237;309;158;"Primary";"2 pmol probe/ml";"40";37
239;318;117;"Primary";"1:500";"12";21
240;321;118;"Primary";"1:500";"12";21
241;322;119;"Primary";"1:500";"12";21
242;318;120;"Secondary";;"1";21
243;321;175;"Secondary";;"1";21
244;322;175;"Secondary";;"1";21
245;324;121;"Primary";"1:200";"12";4
246;325;122;"Primary";"1:200";"12";4
247;324;167;"Secondary";"1:200";"1";21
249;325;167;"Secondary";"1:200";"1";21
250;330;123;"Primary";"1:1000";;
251;329;125;"Primary";"1:2000";;
252;328;124;"Primary";"1:1000";;
253;332;126;"Primary";"1:1000";"16";21
254;332;172;"Secondary";"1:200";"1,5";
255;334;128;"Primary";"1:250";;
256;336;37;"Primary";;;
257;338;96;"Primary";"1:3000";"12";4
258;338;39;"Secondary";"1:300";"1";21
259;342;51;"Primary";"1:1000";"15";4
260;344;51;"Primary";"1:1000";"15";4
261;353;37;"Primary";"1:1000";"1";41
262;354;37;"Primary";"1:1000";"1";41
263;355;37;"Primary";"1:1000";"1";41
264;356;37;"Primary";"1:1000";"1";41
265;357;37;"Primary";"1:1000";"1";41
266;358;37;"Primary";"1:1000";"1";41
267;359;37;"Primary";"1:1000";"1";41
268;360;37;"Primary";"1:1000";"1";41
269;387;129;"Primary";"1:250";"12";21
270;388;129;"Primary";"1:250";"12";21
271;390;129;"Primary";"1:250";"12";21
272;389;129;"Primary";"1:250";"12";21
273;387;130;"Primary";"1:500";"12";21
274;388;130;"Primary";"1:500";"12";21
275;390;131;"Primary";"1:2000";"12";21
276;389;131;"Primary";"1:2000";"12";21
277;391;132;"Primary";"1:200";"12";21
278;392;132;"Primary";"1:200";"12";21
279;392;129;"Primary";"1:200";"12";21
280;391;129;"Primary";"1:200";"12";21
282;395;79;"Primary";"1:100";"36";4
283;396;79;"Primary";"1:100";"36";4
284;395;112;"Secondary";"1:100";"2";
285;396;112;"Secondary";"1:100";"2";
286;398;61;"Primary";"1:500";"12";
287;398;133;"Secondary";;"1";
288;403;164;"Primary";"1:100";;64
289;403;169;"Secondary";;"1";24
290;416;51;"Primary";"1:200";"48";4
291;416;134;"Primary";"1:200";"48";4
292;416;135;"Primary";"1:200";"48";4
293;416;173;"Secondary";"1:200";"3";21
294;416;88;"Secondary";"1:200";"3";21
296;418;47;"Primary";"1:1000";;
297;418;136;"Primary";"1:500";;
298;418;138;"Secondary";"1:1000";;
299;418;137;"Secondary";"1:1000";;
300;418;139;"Primary";"1:2000";;
301;419;140;"Primary";"1:500";;
302;419;47;"Primary";"1:1000";;
303;419;136;"Primary";"1:1000";;
304;419;137;"Secondary";"1:1000";;
305;419;138;"Secondary";"1:1000";;
308;423;79;"Primary";"1:1500";"12";4
309;425;109;"Primary";"1:2500";"12";
310;425;50;"Secondary";"1:50";"1";
311;427;51;"Primary";"1:500";;
312;427;101;"Secondary";;;
313;430;79;"Primary";"1:1500";"48";4
314;430;101;"Secondary";;;
315;434;177;"Primary";"1:1500";"48";4
316;434;67;"Secondary";"1:200";"2";
317;435;178;"Primary";"1:1500";"48";4
318;435;167;"Secondary";"1:200";"2";
319;439;79;"Primary";"1:1000";"12";
320;438;79;"Primary";"1:1000";"12";
321;438;112;"Secondary";"1:1000";"8";
322;439;112;"Secondary";"1:1000";"8";
323;442;79;"Primary";"1:250";"12";4
324;442;179;"Secondary";"1:400";"0,5";
325;447;71;"Primary";"1:200";"12";4
326;447;36;"Secondary";;"1";21
327;453;71;"Primary";"1:1000";"12";4
328;453;133;"Secondary";"1:100";"2";21
329;456;71;"Primary";"1:1500";;
330;456;133;"Secondary";;;
331;460;101;"Primary";"1:10000";"12";4
332;461;101;"Primary";"1:10000";"12";4
333;462;101;"Primary";"1:10000";"12";4
334;460;67;"Secondary";"1:1000";"1";21
335;461;67;"Secondary";"1:1000";"1";21
336;462;67;"Secondary";"1:1000";"1";21
337;466;101;"Primary";"1:10000";"12";4
338;465;101;"Primary";"1:10000";"12";4
339;465;67;"Secondary";"1:1000";"1";21
340;466;67;"Secondary";"1:1000";"1";21
341;468;51;"Primary";"1:1000";"24";4
342;468;133;"Secondary";"1:500";;
343;470;51;"Primary";"1:500";"1,5";21
344;470;51;"Primary";"1:500";"48";4
345;470;167;"Secondary";"1:100";"2";21
346;476;51;"Primary";"1:1000";"12";4
347;477;51;"Primary";"1:1000";"12";4
348;476;167;"Secondary";"1:200";"0,5";
349;477;167;"Secondary";"1:200";"0,5";
350;482;51;"Primary";"1:1000";"12";4
351;482;167;"Secondary";"1:200";"0,5";
352;484;129;"Primary";"1:1000";"12";4
353;484;67;"Secondary";"1:500";"2";21
354;487;181;"Primary";"1:100";"12";4
355;488;180;"Primary";"1:1000";"12";4
356;488;179;"Secondary";"1:100";"1";21
357;487;179;"Secondary";"1:100";"1";21
358;495;37;"Primary";"1:500";"24";
359;495;112;"Secondary";"1:200";"2";21
360;499;183;"Primary";"1:2000";"12";4
361;499;167;"Secondary";"1:200";"1";21
362;498;184;"Primary";"1:1000";;
363;502;132;"Primary";"1:1000";;
364;502;185;"Secondary";;;
365;501;37;"Primary";"1:2000";;
366;501;185;"Secondary";;;
367;507;37;"Primary";"1:1000";"12";21
368;507;186;"Secondary";;;
369;510;47;"Primary";"1:7500";"12";21
370;510;187;"Secondary";"1:500";"1";
371;512;51;"Primary";"1:500";"24";4
372;512;167;"Secondary";"1:200";"1,5";
373;515;37;"Primary";"1:1000";"48";4
374;515;179;"Secondary";;"2";21
375;521;109;"Primary";"1:600";"24";4
376;522;109;"Primary";"1:600";"24";4
377;523;109;"Primary";"1:600";"24";4
378;524;109;"Primary";"1:600";"24";4
379;521;50;"Secondary";"1:600";;
380;522;50;"Secondary";"1:600";;
381;523;50;"Secondary";"1:600";;
382;524;50;"Secondary";"1:600";;
383;528;129;"Primary";;;
384;529;129;"Primary";;;
385;530;129;"Primary";;;
387;532;109;"Primary";"1:2000";;
388;532;167;"Secondary";"1:500";;
389;534;79;"Primary";"1:500";;
390;536;184;"Primary";"1:1000";;
393;539;37;"Primary";;;
394;542;189;"Primary";"1:1000";"72";4
395;542;190;"Secondary";"1:250";"12";4
396;543;190;"Secondary";"1:250";"12";4
397;543;189;"Primary";"1:1000";"72";4
398;548;51;"Primary";"1:500";;
399;548;191;"Secondary";"1:5000";;
400;553;51;"Primary";"1:2000";"12";
401;554;51;"Primary";"1:2000";"12";
402;555;51;"Primary";"1:2000";"12";
403;553;167;"Secondary";"1:200";"1";21
404;554;167;"Secondary";"1:200";"1";21
405;555;167;"Secondary";"1:200";"1";21
406;563;109;"Primary";"1:1000";"12";
407;563;167;"Secondary";"1:200";"1";
408;568;51;"Primary";"1:800";;
409;569;51;"Primary";"1:800";;
410;570;51;"Primary";"1:800";;
412;568;133;"Secondary";"1:200";;
413;569;133;"Secondary";"1:200";;
414;570;133;"Secondary";"1:200";;
416;573;47;"Primary";"1:5000";"48";
417;573;67;"Secondary";;"1";
418;576;47;"Primary";"1:5000";"12";
419;576;67;"Secondary";;"1";
420;578;129;"Primary";"1:500";;
421;580;79;"Primary";"1:1500";"12";4
423;582;51;"Primary";"1:100";"3,5";4
424;583;73;"Primary";"1:9000";"3,5";4
425;584;192;"Primary";"1:9000";"3,5";4
426;584;133;"Secondary";"4µl/ml";"2";21
427;585;133;"Secondary";"4µl/ml";"2";21
428;583;112;"Secondary";"4µl/ml";"2";21
429;591;79;"Primary";;"48";4
432;591;67;"Secondary";"1:250";;
433;596;193;"Primary";"1:2000";;
434;596;194;"Secondary";"1:200";;
435;605;37;"Primary";"1:1000";;
436;606;37;"Primary";"1:1000";;
437;605;167;"Secondary";;;
438;606;167;"Secondary";;;
439;611;184;"Primary";"1:1000";"24";4
440;611;167;"Secondary";"1:100";"24";4
441;612;51;"Primary";"1:1000";"48";4
442;612;195;"Secondary";"1:500";"24";4
445;637;196;"Primary";"1:1000";;
446;637;197;"Secondary";"1:1000";;
447;642;198;"Primary";"1:1000";"24";4
448;641;51;"Primary";"1:800";"24";4
449;652;199;"Primary";"1:2000";"12";4
450;652;200;"Secondary";"1:200";"1";21
451;653;51;"Primary";"1:400";"48";4
452;653;133;"Secondary";"1:200";"1";21
453;656;128;"Primary";"1:1000";"14";4
454;656;201;"Primary";"1:500";"14";4
455;656;170;"Secondary";"1:200";;
456;656;202;"Secondary";"1:200";;
457;658;204;"Primary";"1:1000";"12";21
458;658;203;"Primary";"0,2 µg/ml";"12";21
459;658;170;"Secondary";"10 µg/ml";"2";21
460;658;187;"Secondary";"10 µg/ml";"2";21
461;661;184;"Primary";;;
462;666;198;"Primary";"1:1000";"48";4
463;665;205;"Primary";"1:600";"48";4
464;664;79;"Primary";"1:1500";"48";4
465;677;206;"Primary";"1:5000";"12";4
466;677;79;"Primary";"1:20000";"12";4
467;677;167;"Secondary";;"0,7";21
468;684;71;"Primary";"1:1000";"12";4
469;684;167;"Secondary";"1:200";"1";21
470;689;203;"Primary";"0,2 µg/ml";"12";
471;689;204;"Primary";"1:1000";"12";
472;689;50;"Secondary";"10 µg/ml";"2";
473;689;207;"Secondary";"1:400";"2";
474;692;208;"Primary";"1:1000";"1";
475;692;167;"Secondary";"1:200";"0,7";
476;695;79;"Primary";"1:3000";"48";4
478;698;47;"Primary";"1:8000";"30";
479;698;187;"Secondary";"1:400";"0,5";
480;703;79;"Primary";"1:40000";"2";21
481;703;79;"Primary";"1:40000";"16";4
482;703;171;"Secondary";"1:200";"1,5";
483;707;71;"Primary";"1:600";;
484;707;167;"Secondary";;;
485;710;109;"Primary";"1:500";;
486;711;109;"Primary";"1:500";;
487;713;79;"Primary";"1:1000";"48";4
488;715;205;"Primary";"1:1000";"48";4
489;714;198;"Primary";"1:1500";"48";4
490;714;167;"Secondary";"1:200";"2";21
491;715;67;"Secondary";"1:200";"2";21
492;713;67;"Secondary";"1:200";"2";21
493;717;184;"Primary";"1:1000";"48";4
494;717;179;"Secondary";"1:200";"2";21
495;720;193;"Primary";"1:500";"36";4
496;720;112;"Secondary";"1:200";"1";21
497;726;37;"Primary";"1:80";"12";4
498;726;209;"Secondary";;"1";21
499;730;184;"Primary";"1:1000";"48";4
500;730;179;"Secondary";"1:200";"1";21
501;733;47;"Primary";"1:10000";"12";4
502;733;67;"Secondary";"1:1000";"1";21
503;735;51;"Primary";;"40";4
505;738;210;"Primary";"1:3000";"12";4
506;738;167;"Secondary";"1:1000";"2";21
507;742;47;"Primary";"1:250";"24";
508;742;211;"Secondary";"1:200";"1";
509;749;79;"Primary";"1:2000";;
510;750;79;"Primary";"1:2000";;
511;751;79;"Primary";"1:2000";;
512;761;82;"Primary";;"12";4
513;762;82;"Primary";;"12";4
514;762;84;"Secondary";;;
515;761;84;"Secondary";;;
518;771;129;"Primary";"1:1000";"12";4
519;772;129;"Primary";"1:1000";"12";4
520;773;129;"Primary";"1:1000";"12";4
521;773;67;"Secondary";"1:500";"2";21
522;772;67;"Secondary";"1:500";"2";21
523;771;67;"Secondary";"1:500";"2";21
524;776;51;"Primary";"1:2000";"12";
525;777;51;"Primary";"1:2000";"12";
526;777;167;"Secondary";"1:200";"1";21
527;776;167;"Secondary";"1:200";"1";21
528;780;184;"Primary";"1:100";"24";4
529;780;167;"Secondary";"1:100";"24";4
530;785;71;"Primary";"1:600";;
531;785;167;"Secondary";;;
540;795;184;"Primary";"1:1000";"48";4
541;795;179;"Secondary";"1:200";"1";21
542;799;242;"Primary";"2 ng/ml";"17,5";50
543;800;288;"Primary";"2 ng/ml";"17,5";50
544;798;77;"Primary";"1:1000";"24";4
545;798;78;"Secondary";"1:500";"1,5";
546;802;212;"Primary";"1:20000";"12";4
547;802;179;"Secondary";;;
548;803;213;"Primary";"1:200";"12";4
549;803;179;"Secondary";;;
550;806;214;"Primary";"1:200";"96";4
551;807;215;"Primary";"1:150";"96";4
552;808;216;"Primary";"1:9000";"96";4
553;809;217;"Primary";"1:9000";"96";4
554;810;218;"Primary";"1:9000";"96";4
555;810;179;"Secondary";"1:225";"2";21
556;808;179;"Secondary";"1:225";"2";21
557;807;179;"Secondary";"1:225";"2";21
558;806;179;"Secondary";"1:225";"2";21
559;809;179;"Secondary";"1:225";"2";21
560;820;158;"Primary";;;
561;823;160;"Primary";"2.2*10^-15 mol probe/µl";;
562;839;79;"Primary";"1:200";"12";
563;837;79;"Primary";"1:200";"12";
564;838;79;"Primary";"1:200";"12";
565;838;112;"Secondary";"1:200";"1";
566;837;112;"Secondary";"1:200";"1";
567;839;112;"Secondary";"1:200";"1";
568;848;219;"Primary";"1:500";"12";21
569;849;219;"Primary";"1:500";"12";21
570;849;179;"Secondary";;"2";21
571;848;179;"Secondary";;"2";21
572;882;220;"Primary";"1:1000";"12";
573;883;220;"Primary";"1:1000";"12";
574;884;220;"Primary";"1:1000";"12";
575;885;220;"Primary";"1:1000";"12";
576;886;220;"Primary";"1:1000";"12";
577;887;220;"Primary";"1:1000";"12";
578;888;220;"Primary";"1:1000";"12";
579;889;220;"Primary";"1:1000";"12";
580;890;220;"Primary";"1:1000";"12";
581;891;220;"Primary";"1:1000";"12";
582;892;220;"Primary";"1:1000";"12";
583;893;220;"Primary";"1:1000";"12";
584;894;220;"Primary";"1:1000";"12";
585;895;220;"Primary";"1:1000";"12";
586;896;220;"Primary";"1:1000";"12";
587;897;220;"Primary";"1:1000";"12";
588;898;220;"Primary";"1:1000";"12";
589;899;220;"Primary";"1:1000";"12";
590;900;220;"Primary";"1:1000";"12";
591;901;220;"Primary";"1:1000";"12";
592;882;221;"Secondary";"1:500";"1";
593;883;221;"Secondary";"1:500";"1";
594;884;221;"Secondary";"1:500";"1";
595;885;221;"Secondary";"1:500";"1";
596;886;221;"Secondary";"1:500";"1";
597;887;221;"Secondary";"1:500";"1";
598;888;221;"Secondary";"1:500";"1";
599;889;221;"Secondary";"1:500";"1";
600;890;221;"Secondary";"1:500";"1";
601;891;221;"Secondary";"1:500";"1";
602;892;221;"Secondary";"1:500";"1";
603;893;221;"Secondary";"1:500";"1";
604;894;221;"Secondary";"1:500";"1";
605;895;221;"Secondary";"1:500";"1";
606;896;221;"Secondary";"1:500";"1";
607;897;221;"Secondary";"1:500";"1";
608;898;221;"Secondary";"1:500";"1";
609;899;221;"Secondary";"1:500";"1";
610;900;221;"Secondary";"1:500";"1";
611;901;221;"Secondary";"1:500";"1";
612;925;212;"Primary";"1:1000";"12";4
613;924;212;"Primary";"1:1000";"12";4
614;925;222;"Primary";"10 µg/ml";"12";4
615;924;222;"Primary";"10 µg/ml";"12";4
616;924;223;"Secondary";"1:200";;21
617;925;223;"Secondary";"1:200";;21
618;925;225;"Secondary";"1:200";;21
619;924;225;"Secondary";"1:200";;21
620;936;51;"Primary";"1:1000";"12";4
621;936;186;"Secondary";"1:500";"2";
622;941;226;"Primary";"1:2000";"18";
623;947;227;"Primary";;"16";21
624;948;227;"Primary";;"16";21
625;949;227;"Primary";;"16";21
626;946;227;"Primary";;"16";21
627;947;67;"Secondary";;"3";
628;948;67;"Secondary";;"3";
629;949;67;"Secondary";;"3";
630;946;67;"Secondary";;"3";
631;947;228;"Primary";;"18";21
632;948;228;"Primary";;"18";21
633;949;228;"Primary";;"18";21
634;946;228;"Primary";;"18";21
635;947;170;"Secondary";;"5";
636;948;170;"Secondary";;"5";
637;949;170;"Secondary";;"5";
638;946;170;"Secondary";;"5";
639;951;229;"Primary";"1:5000";"120";4
640;951;230;"Secondary";"1:200";"1,5";21
641;954;231;"Primary";"1:2000";"21";4
642;955;232;"Primary";"1:1000";"21";4
643;953;233;"Primary";"1:50";"21";4
644;953;78;"Secondary";"1:300";"2";21
645;955;167;"Secondary";"1:300";"2";21
646;954;167;"Secondary";"1:300";"2";21
647;957;41;"Primary";"1:1000";"21";
648;961;41;"Primary";"1:2000";"18";
649;963;234;"Primary";"1:500";"120";4
650;963;235;"Primary";"1:1000";"120";4
651;963;166;"Secondary";"1:200";"72";
652;963;236;"Secondary";"1:200";"72";
653;965;237;"Primary";"1:100";"36";4
654;965;238;"Secondary";;"24";4
655;971;237;"Primary";"1:200";;
656;971;239;"Secondary";"1:250";;
657;991;85;"Primary";"1:500";"12";4
658;991;165;"Secondary";"1:150";"1";4
659;991;165;"Secondary";"1:150";"1";
660;993;232;"Primary";;;
661;993;240;"Secondary";;;
662;994;241;"Primary";"(5 × 10^8)c.p.m./µg";"16";42
663;997;242;"Primary";"3–3.5 ng/20µl";"4";50
664;997;243;"Primary";"4ng/µl";"4";50
665;997;46;"Secondary";"1:500";"12";4
666;1003;244;"Primary";"1:20";"12";4
667;1001;245;"Primary";"1:750";"72";4
668;1000;246;"Primary";"1:20000";"12";4
669;1004;247;"Primary";"1:1500";"12";21
670;1005;248;"Primary";"1:1000";"12";21
671;1002;249;"Primary";"1:5000";"12";4
672;1000;67;"Secondary";"1:200";"1,5";21
673;1001;67;"Secondary";"1:200";"1,5";21
674;1003;67;"Secondary";"1:200";"1,5";21
675;1002;167;"Secondary";"1:200";"1,5";21
676;1004;167;"Secondary";"1:200";"1,5";21
677;1005;167;"Secondary";"1:200";"1,5";21
678;1007;212;"Primary";"1:1000";"16";4
679;1007;222;"Primary";"10 µg/ml";"16";4
680;1007;223;"Secondary";"1:200";"2";21
681;1007;250;"Secondary";"1:200";"2";21
682;1009;212;"Primary";"1:1000";"12";4
683;1009;222;"Primary";"10 µg/ml";"12";4
684;1009;223;"Secondary";"1:200";;21
685;1009;250;"Secondary";"1:200";;21
686;1011;251;"Primary";"1:800";"24";
687;1011;252;"Secondary";"1:200";"1,2";
688;1011;253;"Primary";"1:5000";"48";21
689;1011;254;"Secondary";"1:500";"1,2";21
690;1013;251;"Primary";"1:800";"24";
691;1013;252;"Secondary";"1:200";"1,2";
692;1013;253;"Primary";"1:5000";"48";21
693;1013;254;"Secondary";"1:500";"1,2";21
694;1017;255;"Primary";"1:80000";"48";4
695;1016;256;"Primary";"1:4000";"48";4
696;1015;257;"Primary";"1:40000";"48";4
697;1015;179;"Secondary";"1:200";"1,5";
698;1016;179;"Secondary";"1:200";"1,5";
699;1017;179;"Secondary";"1:200";"1,5";
700;1019;258;"Primary";"1:20000";"48";
701;1019;179;"Secondary";;"1";
702;1023;59;"Primary";"1:1500";"48";
703;1023;167;"Secondary";"1:300";"1";21
704;1025;259;"Primary";"1:5000";"12";
705;1025;112;"Secondary";"1:200";;
706;1031;260;"Primary";"1:400";"12";4
707;1032;97;"Primary";"1:200";"12";4
708;1032;133;"Secondary";"1:200";;
709;1031;261;"Secondary";"1:200";;
710;1036;65;"Primary";"1:2500";;
711;1036;36;"Secondary";;;
712;1056;262;"Primary";"20 x 10^4 cpm";"12";40
713;1059;215;"Primary";"1:250";;
714;1059;263;"Secondary";;;
715;1060;264;"Primary";"1:2000";;
716;1060;265;"Secondary";;;
717;1062;266;"Primary";"1:4000";"24";4
718;1062;167;"Secondary";"1:400";"2";
719;1064;267;"Primary";;;
720;1064;268;"Primary";;;
721;1066;251;"Primary";"1:1000";"48";4
722;1066;179;"Secondary";"1:200";"1";
723;1068;272;"Primary";"1:100";"48";4
724;1068;269;"Primary";"1:100";"48";4
725;1068;270;"Secondary";"1:500";"2";21
726;1068;271;"Secondary";"1:500";"2";21
727;1085;79;"Primary";"1:1000";"48";4
728;1085;67;"Secondary";"1:200";"2";21
729;1088;273;"Primary";"1:500";"48";4
730;1088;167;"Secondary";"1:400";"0,5";21
731;1091;218;"Primary";"1:5000";"15";21
732;1091;133;"Secondary";"1:200";"1";
733;1093;60;"Primary";"1:1500";"12";4
734;1093;70;"Secondary";"1:50";"0,5";21
735;1093;70;"Secondary";"1:50";"0,3";21
736;1095;274;"Primary";"400000 dpm/mg";"3,5";50
737;1101;73;"Primary";"1:10000";"12";4
738;1101;112;"Secondary";"1:300";"2";21
739;1117;275;"Primary";"4 × 10^3 dpm/µl";"12";42
740;1120;38;"Primary";;;
741;1122;41;"Primary";;;
742;1121;257;"Primary";;;
743;1126;277;"Primary";"1:100000";;
744;1127;277;"Primary";"1:100000";;
745;1128;277;"Primary";"1:100000";;
746;1132;278;"Primary";"1:1000";"22";
747;1132;112;"Secondary";"1:100";"2";
748;1140;279;"Primary";"1:100";;
749;1142;228;"Primary";"1:1000";"12";21
750;1141;280;"Primary";"1:1000";"12";21
751;1144;247;"Primary";"1:2000";"12";21
752;1143;248;"Primary";"1:100";"12";21
753;1143;265;"Secondary";"1:200";;
754;1144;265;"Secondary";"1:200";;
755;1141;265;"Secondary";"1:200";;
756;1142;265;"Secondary";"1:200";;
757;1142;279;"Primary";"1:100";"12";21
758;1141;279;"Primary";"1:100";"12";21
759;1144;279;"Primary";"1:100";"12";21
760;1143;279;"Primary";"1:100";"12";21
761;1143;265;"Secondary";"1:200";;
762;1144;265;"Secondary";"1:200";;
763;1141;265;"Secondary";"1:200";;
764;1142;265;"Secondary";"1:200";;
765;1153;282;"Primary";"1:100";"24";21
766;1154;282;"Primary";"1:100";"24";21
767;1155;281;"Primary";"1:15000";"24";21
768;1155;167;"Secondary";"1:200";"1,5";21
769;1154;238;"Secondary";"1:200";"1,5";21
770;1153;238;"Secondary";"1:200";"1,5";21
771;1160;283;"Primary";;"18";42
772;1161;283;"Primary";;"18";42
773;1162;283;"Primary";;"18";42
774;1163;283;"Primary";;"18";42
775;1160;46;"Secondary";"1:500";"2";37
776;1161;46;"Secondary";"1:500";"2";37
777;1162;46;"Secondary";"1:500";"2";37
778;1163;46;"Secondary";"1:500";"2";37
779;1169;284;"Primary";"1:500";"48";4
780;1169;286;"Secondary";"1:100";"3";21
781;1170;285;"Primary";"1:200";"48";4
782;1170;287;"Secondary";"1:100";"3";21
783;1174;124;"Primary";"1:1000";;
784;1175;69;"Primary";"1:100";;
