,ID,Experiment_name,Source,Species,Strain,Substrain,Animal_status,Transgenic_line_name,Sex,Age_lower_limit,Age_upper_limit,Age,Weight_lower_limit,Weight_upper_limit,Anaesthetic,Perfusion_fix_medium
0,31,Ariano_1997,10.1002/(SICI)1098-2396(199708)26:4<400::AID-SYN8>3.0.CO;2-A,1,11,,Naive,,1,,,9,200,250,,
1,32,Baker_1980_BALB/cJ,PMID:6107905,2,3,11,Naive,,,,,4,,,41,18
2,33,Baker_1980_CBA/J,PMID:6107905,2,5,17,Naive,,,,,4,,,41,18
3,34,Bayer_1994,PMID:7965086,2,9,23,Naive,,2,,,4,,,,47
4,35,Burke_1990,10.1016/0304-3940(90)90706-F,1,,,Naive,,,63,77,9,,,52,
5,36,Chang_2010,10.1111/j.1530-0277.2010.01148.x,1,11,,Naive,,1,,,9,275,375,,
6,37,del Moral_2004,10.1002/jemt.20081,1,12,,Naive,,1,112,112,9,230,260,63,18
7,38,Eilam_2003,10.1016/S0306-4522(03)00322-1,2,9,24,Naive,,1,140,140,4,,,52,18
8,39,Fauchey_2000,10.1046/j.1460-9568.2000.00876.x,2,,,Naive,,1,,,4,,,,
9,40,Fogarty_2017_young,10.3389/fnins.2017.00609,2,,,Naive,,,65,75,4,,,24,
10,41,Fogarty_2017_old,10.3389/fnins.2017.00609,2,,,Naive,,,110,130,4,,,24,
11,42,Forlano_2010_males,10.1002/cne.22279,1,11,,Naive,,1,60,67,9,,,24,18
12,43,Forlano_2010_females,10.1002/cne.22279,1,11,,Naive,,2,60,67,9,,,24,18
13,45,German_1993,10.1002/cne.903310302,1,,,Naive,,1,,,9,175,225,24,89
14,46,Gritti_2006,10.1016/j.neuroscience.2006.09.024,1,12,,Naive,,1,,,9,250,250,24,92
15,47,Guan_1999,10.1016/S0306-4522(98)00338-8,1,12,,Naive,,1,,,9,280,310,24,18
16,48,Hain_2016,10.1371/journal.pone.0161179,2,1,25,Naive,,2,56,70,4,,,98,18
17,49,Hardman_2002,10.1002/cne.10165,1,12,,Naive,,,168,370,9,217,301,52,18
18,50,Hussain_1996,10.1016/0891-0618(95)00098-4,1,12,,Naive,,2,,,9,250,300,41,103
19,51,Itzev_2008,10.1076/apab.109.1.80.4279,1,12,,Naive,,1,84,84,9,,,108,109
20,52,Kerkerian_1990,10.1111/j.1460-9568.1990.tb00411.x,1,12,,Naive,,2,,,9,220,220,17,18
21,53,Klenowski_2016_young,10.3389/fnbeh.2016.00054,1,12,,Naive,,1,63,63,9,365,447,24,
22,54,Klenowski_2016_old,10.3389/fnbeh.2016.00054,1,12,,Naive,,1,91,91,9,526,632,24,
23,55,Khudoerkov_2014,10.1007/s10517-014-2470-8,1,12,,Naive,,1,,,9,200,220,,
24,56,Kosinski_1997,10.1006/EXNR.1997.6441,1,11,,Naive,,1,,,9,250,300,119,18
25,57,Kusnoor_2010,10.1002/cne.22350,2,1,14,Naive,,,90,150,4,,,,121
26,58,Lawrence_2012,10.1016/j.ntt.2011.08.002,1,17,,Naive,,3,90,90,9,250,441,24,18
27,59,Lenz_1994,10.1002/syn.890180108,1,11,,Naive,,1,,,9,250,300,,
28,60,Lolova_1995_3m,10.1016/0047-6374(95)01599-U,1,12,,Naive,,1,90,90,9,,,,121
29,61,Lolova_1995_12m,10.1016/0047-6374(95)01599-U,1,12,,Naive,,1,360,360,9,,,,121
30,62,Löscher_2006,10.1016/J.BRAINRES.2006.01.096,1,12,,Naive,,2,,,9,210,230,17,103
31,63,McArthur_2016_male,10.1007/s00429-015-1049-0,2,,,Naive,,1,65,69,4,,,24,18
32,64,McArthur_2016_female,10.1007/s00429-015-1049-0,2,,,Naive,,2,65,69,4,,,24,18
33,65,McNeill_1990_3m,10.1016/0006-8993(90)91530-T,2,1,25,Naive,,,90,90,4,,,24,18
34,66,McNeill_1990_6m,10.1016/0006-8993(90)91530-T,2,1,25,Naive,,,180,180,4,,,24,18
35,67,McNeill_1990_10m,10.1016/0006-8993(90)91530-T,2,1,25,Naive,,,300,300,4,,,24,18
36,68,Meredith_1989,10.1016/0306-4522(89)90377-1,1,12,,Naive,,2,,,9,180,220,24,121
37,69,Meade_2000,10.1006/EXNR.2000.7530,1,,,Naive,,1,,,9,140,400,17,18
38,70,Neuhofer_2015,10.3389/fncel.2015.00100,2,1,14,Naive,,1,56,56,4,,,98,103
39,71,Mori_2017,10.1186/s12974-017-0862-1,2,1,,Naive,,,90,180,4,,,135,18
40,72,Nair-Roberts_2008,10.1016/j.neuroscience.2008.01.046,1,11,,Naive,,1,,,9,250,300,137,18
41,73,O'Kusky_1999_bl6-1,10.1016/S0006-8993(98)01312-2,2,1,14,Naive,,,120,120,4,,,24,103
42,74,O'Kusky_1999_bl6-2,10.1016/S0006-8993(98)01312-2,2,1,14,Naive,,,120,120,4,,,24,103
43,75,O'Kusky_1999_Sv,10.1016/S0006-8993(98)01312-2,2,13,26,Naive,,,120,120,4,,,24,103
44,76,Ong_2002,PMID:12815234,2,3,,Naive,,,58,58,4,,,144,103
45,77,Østergaard_1995,10.1007/BF00241966,1,,,Naive,,,,,9,,,24,18
46,78,Parish_2001,PMID:11438590,2,1,,Naive,,,,,4,,,24,18
47,79,Pickel_1998,10.1002/(SICI)1097-4547(19980401)52:1<54::AID-JNR6>3.0.CO;2-J,1,11,,Naive,,1,,,9,,,24,151
48,80,Pickel_2006,10.1002/cne.20881,1,11,,Naive,,1,,,9,200,250,24,151
49,81,Rabchevsky_1998,PMID:9852591,2,14,,Naive,,3,70,70,4,,,17,18
50,82,Roberts_1995,10.1016/0006-8993(95)01004-3,1,11,,Naive,,1,,,9,,,98,52
51,83,San Jose_2001_3m,10.1016/S0304-3940(01)02041-9,2,,,Naive,,1,90,90,4,,,108,
52,84,San Jose_2001_9m,10.1016/S0304-3940(01)02041-9,2,,,Naive,,1,270,270,4,,,108,
53,85,Richards_2007,10.1111/j.1460-9568.2007.05523.x,2,14,,Naive,,,,,4,,,24,18
54,86,Savchenko_2000,10.1016/S0306-4522(99)00538-2,1,17,,Naive,,3,,,9,,,24,109
55,87,Shen_2008,10.1007/s00429-008-0184-2,1,11,,Naive,,1,,,9,300,325,98,18
56,88,Sizemore_2010,10.1111/j.1469-7580.2010.01264.x,1,12,,Naive,,1,,,9,340,340,98,103
57,89,Sizemore_2016,10.1002/cne.23891,1,11,,Naive,,1,60,60,9,404,404,98,103
58,90,Sturrock_1991,PMID:1817143,2,19,,Naive,,1,180,180,4,,,,
59,91,Svingos_1999,PMID:10024364,1,11,,Naive,,1,,,9,,,24,151
60,92,Talavera_1997,10.1006/NIOX.1997.0158,1,12,,Naive,,1,,,9,290,310,24,18
61,93,Uryu_1999,10.1002/(SICI)1096-9861(19990308)405:2<216::AID-CNE6>3.0.CO;2-6,1,,,Naive,,,60,90,9,,,41,103
62,94,Vadasz_2007_bl6,10.1016/j.neuroscience.2007.06.049,2,1,29,Naive,,,,,4,,,98,167
63,95,Vadasz_2007_BALBc,10.1016/j.neuroscience.2007.06.049,2,3,11,Naive,,,,,4,,,98,167
64,96,Vadasz_2007_C4A6B,10.1016/j.neuroscience.2007.06.049,2,9,46,Naive,,,,,4,,,98,167
65,97,Vadasz_2007_C4A6N,10.1016/j.neuroscience.2007.06.049,2,9,46,Naive,,,,,4,,,98,167
66,98,Vidyadhara_2016_bl6,10.1016/j.jchemneu.2016.01.001,2,1,,Naive,,,105,119,4,,,169,18
67,99,Vidyadhara_2016_CD1,10.1016/j.jchemneu.2016.01.001,2,14,,Naive,,,105,119,4,,,169,18
68,100,Walker_2012,10.1371/journal.pone.0032919,1,11,,Naive,,1,,,9,200,250,98,121
69,101,Wang_2007,10.1016/j.neulet.2007.08.033,1,11,,Naive,,,120,120,9,,,,
70,102,West_1996,10.1002/(SICI)1096-9861(19960617)370:1<11::AID-CNE2>3.0.CO;2-O,1,11,,Naive,,2,,,9,265,310,172,18
71,103,Wissman_2012_male,10.1007/s00429-011-0353-6,1,11,,Naive,,1,60,67,9,,,24,103
72,104,Wissman_2012_female,10.1007/s00429-011-0353-6,1,11,,Naive,,2,60,67,9,,,24,103
73,105,Wouterlood_2012,10.1002/cne.23031,1,12,,Naive,,2,,,9,200,220,24,103
74,106,Yang_2008,10.1002/ar.20713,1,11,,Naive,,1,,,9,220,250,17,18
75,107,Zoli_1993,PMID:8102059,1,11,,Naive,,1,90,90,9,,,,18
76,108,Cenci_1992,10.1016/0306-4522(92)90196-9,1,11,,Naive,,2,,,9,200,225,17,18
77,109,Baquet_2009,10.1016/j.neuroscience.2009.04.031,2,1,14,Naive,,3,90,120,4,,,175,18
78,110,Finkelstein_2000,10.1016/S0306-4522(00)00009-9,1,12,,Naive,,1,,,9,250,350,,92
79,111,Poirier_1983,10.1016/0361-9230(83)90173-9,1,,,Naive,,,,,9,,,,
80,112,Harris_1996_fisher,10.1016/0006-8993(95)01088-2,1,15,,Naive,,1,,,9,150,200,17,18
81,113,Harris_1996_lewis,10.1016/0006-8993(95)01088-2,1,16,,Naive,,1,,,9,150,200,17,18
82,114,Hamre_1999_Swiss,10.1016/S0006-8993(99)01273-1,2,18,,Naive,,,90,150,4,,,175,18
83,115,Hamre_1999_AKR/J,10.1016/S0006-8993(99)01273-1,2,20,35,Naive,,,90,150,4,,,175,18
84,116,Hamre_1999_C57L/J,10.1016/S0006-8993(99)01273-1,2,21,36,Naive,,,90,150,4,,,175,18
85,117,Hamre_1999_DBA/2J,10.1016/S0006-8993(99)01273-1,2,6,37,Naive,,,90,150,4,,,175,18
86,118,Hamre_1999_C3H/HeJ,10.1016/S0006-8993(99)01273-1,2,4,38,Naive,,,90,150,4,,,175,18
87,119,Hamre_1999_C57Bl/6J,10.1016/S0006-8993(99)01273-1,2,1,14,Naive,,,90,150,4,,,175,18
88,120,Hamre_1999_DBA/1J,10.1016/S0006-8993(99)01273-1,2,6,39,Naive,,,90,150,4,,,175,18
89,121,Hamre_1999_Bl6/Swr,10.1016/S0006-8993(99)01273-1,2,9,40,Naive,,,90,150,4,,,175,18
90,122,Rosen_2001_A/J,10.1186/1471-2202-2-5,2,2,41,Naive,,3,115,365,4,,,175,103
91,123,Rosen_2001_ABF2,10.1186/1471-2202-2-5,2,9,42,Naive,,3,56,143,4,,,175,103
92,124,Rosen_2001_BALB/cJ,10.1186/1471-2202-2-5,2,3,11,Naive,,3,70,206,4,,,175,103
93,125,Rosen_2001_BXD5,10.1186/1471-2202-2-5,2,9,43,Naive,,3,60,329,4,,,175,103
94,126,Rosen_2001_C57BL/6J,10.1186/1471-2202-2-5,2,1,14,Naive,,3,189,316,4,,,175,103
95,127,Rosen_2001_DBA/2J,10.1186/1471-2202-2-5,2,6,37,Naive,,3,76,359,4,,,175,103
96,128,Oorschot_2013,10.1016/J.BAGA.2013.04.001,1,12,,Intracranial procedure,,1,,,9,250,400,179,103
97,129,Smeyne_2005_SW,10.1002/glia.20233,2,18,,Naive,,,90,150,4,,,175,18
98,130,Smeyne_2005_bl6,10.1002/glia.20233,2,1,,Naive,,,90,150,4,,,175,18
99,131,Zaborszky_2001_CXBI,10.1023/A:1010257808945,2,9,44,Naive,,1,,,4,22,30,183,121
100,132,Zaborszky_2001_C4A6,10.1023/A:1010257808945,2,,45,Naive,,1,,,4,22,30,183,121
101,134,Barcia_2012,10.1093/alcalc/agr169,1,11,,Naive,,1,,,9,408,420,24,18
102,135,Sadek_2007,10.1523/JNEUROSCI.0953-07.2007,1,11,,Intracranial procedure,,1,,,9,200,350,185,103
103,136,Allen_PV_ISH_75457579,RRID:SCR_002978,2,1,14,Naive,,1,56,56,4,19,26,135,
104,137,MBA Cell Type Atlas_PV,RRID:SCR_004683,2,,,Genetic manipulation,1,3,56,70,4,,,98,18
105,138,MBA Cell Type Atlas_SST,RRID:SCR_004683,2,,,Genetic manipulation,1,3,56,70,4,,,98,18
106,139,MBA Cell Type Atlas_VIP,RRID:SCR_004683,2,,,Genetic manipulation,1,3,56,70,4,,,98,18
107,140,MBA Cell Type Atlas_SST:CR,RRID:SCR_004683,2,,,Genetic manipulation,5,3,56,70,4,,,98,18
108,141,MBA Cell Type Atlas_SST:nNOS,RRID:SCR_004683,2,,,Genetic manipulation,4,3,56,70,4,,,98,18
109,142,MBA Cell Type Atlas_VIP:CR,RRID:SCR_004683,2,,,Genetic manipulation,7,3,56,70,4,,,98,18
110,143,MBA Cell Type Atlas_VIP:CCK,RRID:SCR_004683,2,,,Genetic manipulation,6,3,56,70,4,,,98,18
111,144,NMO_Kellendonk_2013,10.1523/JNEUROSCI.6056-11.2012,2,9,47,Naive,,1,90,90,4,,,,18
112,145,NMO_Martone_2008,10.1385/NI:1:4:379,2,9,48,Naive,,1,180,210,4,27,34,52,52
113,146,NMO_Martone_2006,10.1385/NI:1:4:379,2,1,,Naive,,1,60,60,4,,,,
114,147,NMO_Spiga_2014,10.1073/pnas.1406768111,1,12,,Naive,,1,,,9,400,400,17,18
115,148,NMO_Henny_2013,10.1038/nn.3048,1,11,,Naive,,1,,,9,250,300,185,103
116,149,Aguirre_2001,10.1097/00001756-200108280-00006,2,1,,Sham intracranial injection,,1,70,70,4,25,25,24,92
117,150,Becker_2017,10.1007/s12035-017-0637-9,2,1,14,Sham intracranial injection,,1,70,70,4,25,25,,18
118,151,Champy_2003,10.1046/j.1471-4159.2003.02138.x,1,16,,Pooled control groups,,1,,,9,,,24,18
119,152,Chan_1997,PMID:8996226,2,1,,Vehicle injection(s),,1,42,49,4,,,24,92
120,153,Frau_2011,10.1002/syn.20833,2,1,14,Vehicle injection(s),,1,90,90,4,,,17,18
121,154,Gomide_2005,10.1080/00207450590521064,1,12,,Sham intracranial injection,,1,,,9,220,250,52,52
122,155,Gonzales-Aparicio_2011_young,10.1016/j.neuroscience.2011.03.062,2,1,14,Naive,,1,60,60,4,,,52,52
123,156,Gonzales-Aparicio_2011_old,10.1016/j.neuroscience.2011.03.062,2,1,14,Naive,,1,600,600,4,,,52,52
124,157,Grieb_2013,10.3389/fnsys.2013.00095,1,22,,Sham intracranial injection,,1,,,9,352,416,98,199
125,158,Gross_2003,10.1046/j.1471-4159.2003.01600.x,2,1,,Vehicle injection(s),,1,57,57,4,30,32,119,18
126,159,Hermann_2013,10.1016/J.NEULET.2013.08.031,2,1,,Genetic manipulation,8,,,,,,,52,18
127,160,Horvath_2011,10.1016/J.NBD.2011.03.005,2,1,,Vehicle injection(s),,1,70,84,4,,,52,52
128,161,Ip_2017,10.3791/56103,2,1,25,Naive,,1,84,84,4,,,52,18
129,162,Janis_2008,10.3233/JAD-2008-15108,2,1,,Vehicle injection(s),,1,56,70,4,,,,
130,163,Johnson_2010_rats,10.1111/j.1365-2826.2010.01964.x,1,11,,Sham operation,,2,,,9,,,52,89
131,164,Johnson_2010_mice,10.1111/j.1365-2826.2010.01964.x,2,1,14,Sham operation,,2,,,4,,,52,89
132,165,Johnson_2010_Wtmice,10.1111/j.1365-2826.2010.01964.x,2,1,14,Naive,,,85,85,4,,,52,89
133,166,Johnson_2010b_rat,10.1111/j.1365-2826.2010.01965.x,1,11,,Sham operation,,1,90,90,9,,,24,89
134,167,Johnson_2010b_mouse,10.1111/j.1365-2826.2010.01965.x,2,1,14,Sham operation,,1,90,90,4,,,24,89
135,168,Kang_2010,10.5115/acb.2010.43.3.241,2,,,Naive,,,7,7,1,,,204,18
136,169,Kincaid_2001,10.1016/S0306-4522(01)00229-9,2,,,Behavioral testing,,,161,162,4,,,205,18
137,170,Komnig_2016_14w,http://doi.wiley.com/10.1111/jnc.13847,2,1,,Vehicle injection(s),,1,98,98,4,,,52,52
138,171,Komnig_2016_24w,http://doi.wiley.com/10.1111/jnc.13847,2,1,,Vehicle injection(s),,1,168,168,4,,,52,52
139,172,Komnig_2016b,10.1371/journal.pone.0165235,2,1,,Vehicle injection(s),,1,70,84,4,,,52,
140,173,Lieb_1996,10.1016/0165-3806(96)00063-6,2,5,17,Naive,,3,90,90,4,26,29,17,199
141,174,Liu_2004,10.1016/J.NEULET.2003.10.077,1,11,,Vehicle injection(s),,1,,,9,200,225,24,92
142,175,Ma_2009,10.1016/J.PARKRELDIS.2008.07.008,2,3,,Vehicle injection(s),,1,63,63,4,20,20,24,18
143,176,McCormack_2002,10.1006/NBDI.2002.0507,2,1,,Vehicle injection(s),,1,63,540,4,,,52,
144,177,Olson_2015,10.1523/JNEUROSCI.2131-15.2015,2,1,14,Vehicle injection(s),,1,42,56,3,,,119,18
145,178,Oorschot_1996,10.1002/(SICI)1096-9861(19960318)366:4<580::AID-CNE3>3.0.CO;2-0,1,11,,Naive,,,28,28,6,63,69,209,103
146,179,Pang_2016,10.1016/J.NEUROSCIENCE.2016.01.020,1,11,,Vehicle injection(s),,1,,,9,250,250,135,18
147,180,Panneton_2010,10.1371/journal.pone.0015251,1,11,,Sham intracranial injection,,1,,,9,275,299,52,18
148,181,Passos_2012,10.1016/J.JCHEMNEU.2012.05.003,1,12,,Naive,,2,,,9,200,250,24,18
149,182,Price_2009,10.1111/j.1460-9568.2009.06764.x,2,1,25,Vehicle injection(s),,1,56,84,4,,,175,167
150,183,Richter_2017_pups,10.1016/j.neurobiolaging.2016.11.015,2,13,49,Naive,,1,3,4,1,,,119,18
151,184,Richter_2017_5w,10.1016/j.neurobiolaging.2016.11.015,2,13,49,Vehicle injection(s),,1,35,35,3,,,119,18
152,185,Richter_2017_11m,10.1016/j.neurobiolaging.2016.11.015,2,13,49,Vehicle injection(s),,1,330,330,4,,,119,18
153,186,Richter_2017_18m,10.1016/j.neurobiolaging.2016.11.015,2,13,49,Naive,,1,540,540,5,,,119,18
154,187,Sanchez_2008_5m,10.1016/j.neuroscience.2008.04.016,1,11,,Behavioral testing,,2,150,180,9,,,98,18
155,188,Sanchez_2008_22m,10.1016/j.neuroscience.2008.04.016,1,11,,Behavioral testing,,2,660,720,9,,,98,18
156,189,Sanchez_2008_30m,10.1016/j.neuroscience.2008.04.016,1,11,,Behavioral testing,,2,900,960,10,,,98,18
157,190,Simkins_2012,10.1007/s11481-012-9375-y,2,1,,Naive,,1,56,84,4,,,98,18
158,191,Smeyne_2016_modelbased,10.1371/journal.pone.0164094,2,1,,Vehicle injection(s),,1,84,140,4,,,52,18
159,192,Smeyne_2016_designbased,10.1371/journal.pone.0164094,2,1,,Vehicle injection(s),,1,84,140,4,,,52,18
160,193,Song_2012,10.1016/j.nbd.2012.05.009,2,1,14,Behavioral testing,,3,90,300,4,,,175,18
161,194,Stayte_2015_sham,10.1371/journal.pone.0124325,2,1,,Sham intracranial injection,,1,84,84,4,,,98,18
162,195,Stayte_2015_shamveh,10.1371/journal.pone.0124325,2,1,,Sham intracranial injection,,1,84,84,4,,,98,18
163,196,Sun_2012,10.2174/156720512800492567,2,,,Vehicle injection(s),,,90,90,4,,,52,52
164,197,Taylor_2014_6m,10.1016/J.NEUROPHARM.2013.08.033,2,9,50,Naive,,3,180,180,4,,,52,18
165,198,Taylor_2014_24m,10.1016/J.NEUROPHARM.2013.08.033,2,9,50,Naive,,3,720,720,5,,,52,18
166,199,Taylor_2014_30m,10.1016/J.NEUROPHARM.2013.08.033,2,9,50,Naive,,3,900,900,5,,,52,18
167,200,vanBregt_2012_neurons,10.1016/j.expneurol.2011.12.003,1,11,,Sham intracranial injury,,1,,,9,350,375,24,18
168,201,vanBregt_2012_th,10.1016/j.expneurol.2011.12.003,1,11,,Sham intracranial injury,,1,,,9,350,375,24,18
169,202,Vidyadhara_2017_c57bl/6,10.1007/s12035-016-0158-y,2,1,14,Naive,,3,105,119,4,,,169,18
170,203,Vidyadhara_2017_cd1,10.1007/s12035-016-0158-y,2,14,,Naive,,3,105,119,4,,,169,18
171,204,Vidyadhara_2017_F1-1,10.1007/s12035-016-0158-y,2,9,51,Naive,,3,105,119,4,,,169,18
172,206,Vu_2000,10.1007/s007020050014,1,11,,Sham operation,,1,,,9,,,24,92
173,207,Vu_2000_pilot,10.1007/s007020050014,1,11,,Sham operation,,1,,,9,,,24,199
174,208,Winter_2007,10.1016/J.BBR.2007.07.002,1,12,,Sham intracranial injection,,1,,,,280,320,24,18
175,209,Aguirre_1999,10.1016/S0304-3940(99)00706-5,2,1,,Vehicle injection(s),,1,70,70,4,25,25,24,92
176,210,Alexi_1996,10.1016/0306-4522(95)00607-9,1,15,52,Sham intracranial injection,,1,,,9,200,220,52,18
177,211,Andrews_2005,10.1523/JNEUROSCI.4269-04.2005,2,1,14,Vehicle injection(s),,1,84,105,4,,,52,52
178,213,Arai_1990,10.1016/0006-8993(90)90576-W,2,1,,Vehicle injection(s),,1,,,4,25,30,,
179,214,Back_2013,10.1186/2191-219X-3-46,1,12,,Live imaging,,1,,,,250,300,119,18
180,215,Bostanci_2008,10.1080/15376510801891369,1,12,,Sham intracranial injection,,1,120,120,9,220,250,224,225
181,216,Bostanci_2013,10.3109/00207454.2013.813510,1,12,,Sham intracranial injection,,1,120,120,9,205,245,224,225
182,217,Bostanci_2010,10.1007/s10571-009-9461-8,1,12,,Sham intracranial injection,,1,120,120,9,190,250,224,225
183,218,Bowenkamp_2000_adult,10.1016/S0197-4580(99)00112-8,1,15,52,Vehicle injection(s),,1,90,180,9,,,17,18
184,219,Bowenkamp_2000_old,10.1016/S0197-4580(99)00112-8,1,15,52,Vehicle injection(s),,1,570,630,9,,,17,18
185,220,Breckenridge_2013_study4,10.1016/J.NEURO.2013.03.005,2,1,14,Vehicle injection(s),,1,84,91,4,,,24,18
186,221,Breckenridge_2013_study5,10.1016/J.NEURO.2013.03.005,2,1,14,Vehicle injection(s),,1,84,91,4,,,24,18
187,222,Bukhatwa_2009,10.1111/j.1471-4159.2009.05956.x,1,12,,Intracranial procedure,,1,,,,220,250,24,18
188,223,Cao_2012_normal_POD7,10.1007/s11596-012-1026-2,1,12,,Behavioral testing,,,,,9,180,200,52,103
189,224,Cao_2012_sham_POD7,10.1007/s11596-012-1026-2,1,12,,Sham intracranial injury,,,,,9,180,200,52,103
190,225,Cao_2012_sham_POD14,10.1007/s11596-012-1026-2,1,12,,Sham intracranial injury,,,,,9,180,200,52,103
191,226,Cao_2012_sham_POD21,10.1007/s11596-012-1026-2,1,12,,Sham intracranial injury,,,,,9,180,200,52,103
192,227,Cao_2012_normal_POD21,10.1007/s11596-012-1026-2,1,12,,Sham intracranial injury,,,,,9,180,200,52,103
193,228,Cao_2012_normal_POD14,10.1007/s11596-012-1026-2,1,12,,Sham intracranial injury,,,,,9,180,200,52,103
194,229,Carta_2011,10.1016/J.NEUROSCIENCE.2011.07.046,2,1,14,Vehicle injection(s),,1,90,90,4,,,17,18
195,230,Chadi_1993,10.1007/BF00228825,2,1,14,Sham intracranial injection,,1,84,84,4,25,25,24,92
196,231,Asyyed_2006,10.1016/J.BRAINRES.2006.05.107,2,1,,Vehicle injection(s),9,1,56,84,4,,,169,
197,232,Chalimoniuk_2006_nNOS,10.1016/J.NEUROSCIENCE.2006.04.022,2,1,,Vehicle injection(s),,1,56,56,4,20,25,24,18
198,233,Chalimoniuk_2006_TH,10.1016/J.NEUROSCIENCE.2006.04.022,2,1,,Pooled control groups,,1,56,56,4,20,25,24,18
199,234,Depboylu_2013,10.1016/J.NEUROIMAGE.2013.04.076,2,1,,Live imaging,,1,84,84,4,20,25,119,18
200,235,Fujiyama_2016,10.1007/s00429-015-1152-2,1,12,,Intracranial procedure,,1,,,9,200,350,17,220
201,236,Fukuda_1994,10.1016/0006-8993(94)91747-7,2,1,14,Vehicle injection(s),,2,,,4,25,30,52,52
202,237,Gomide_2005b,10.1080/00207450590521118,1,12,,Sham intracranial injection,,1,,,9,220,250,52,52
203,238,Guyenet_1981,10.1016/0006-8993(81)90235-3,1,11,,Intracranial procedure,,1,,,9,230,270,17,237
204,239,Hage_2016_live,10.7554/eLife.13905,2,18,,Naive,,3,14,25,2,,,135,
205,240,Hage_2016_juxta_young,10.7554/eLife.13905,2,,,Genetic manipulation,10,,15,25,2,,,52,18
206,241,Hage_2016_juxta_adult,10.7554/eLife.13905,2,,,Genetic manipulation,10,,75,119,4,,,52,18
207,242,Ishida_2001,10.1046/j.0953-816x.2001.01520.x,1,12,,Sham intracranial stimulation,,1,,,,230,250,24,92
208,244,Korkmaz_2012,10.1007/s12031-012-9781-x,1,11,,Sham intracranial injection,,,,,,,,169,18
209,245,Koshimizu_2013,10.1002/cne.23277,1,12,,Intracranial procedure,,1,,,,250,300,17,220
210,246,Lawson_1990,10.1016/0306-4522(90)90229-W,2,3,,Naive,,2,42,84,,,,17,103
211,247,Lorenc-Koci_2011,10.1016/J.NEUINT.2011.03.013,1,12,,Sham intracranial injection,,1,,,,280,320,,
212,248,Omelchenko_2016,10.1007/s00429-015-1014-y,1,,,Behavioral testing,,1,,,8,75,75,119,18
213,249,Park_2006,10.1007/978-3-211-35205-2_28,1,11,,Intracranial procedure,,2,,,,200,250,98,18
214,250,Purisai_2007,10.1016/J.NBD.2006.10.008,2,1,,Vehicle injection(s),,1,70,84,4,,,,
215,251,Ratzka_2012_P0,10.1111/j.1471-4159.2012.07768.x,2,1,,Naive,,,0,0,1,,,,
216,252,Ratzka_2012_P28,10.1111/j.1471-4159.2012.07768.x,2,1,,Naive,,,28,28,2,,,,18
217,253,Rodrigues_2001,10.3109/00207450108986528,1,12,,Sham intracranial injection,,1,,,,220,250,52,92
218,254,Saal_2015,10.1016/J.NBD.2014.09.013,2,1,,Sham intracranial injection,,1,84,84,4,,,,18
219,255,Shaw_2010,10.1002/cne.22207,2,3,,Vehicle injection(s),,1,63,63,4,20,20,24,225
220,256,Stanic_2004,10.1046/j.1471-4159.2003.01843.x,1,12,,Unspecified normal control,,1,,,9,250,350,,
221,257,Sunström_1987,10.1016/0006-8993(87)90986-3,2,1,,Naive,,1,,,,20,20,108,18
222,258,Tasselli_2013,10.1111/nmo.12070,2,1,,Oral gavage,,1,,,4,22,25,,
223,259,Tatenhorst_2014_84,10.1097/NEN.0000000000000095,2,1,,Sham intracranial injection,,1,84,84,4,,,,18
224,260,Walker_2012b,10.1016/J.NEUROPHARM.2012.01.029,1,11,,Sham operation,,2,,,9,,,,89
225,261,Walters_1999,10.1006/EXNR.1998.6997,2,1,,Vehicle injection(s),,1,70,70,4,24,24,24,92
226,262,Westphal_2016,10.1016/J.NEUROSCIENCE.2016.07.046,1,11,,Sham intracranial injection,,1,,,9,235,285,52,18
227,263,Wild_2013,10.1016/J.NEUROPHARM.2013.05.013,1,12,,Naive,,1,21,28,6,,,135,
228,264,Zhao_2002,10.1046/j.1440-1789.2002.00437.x,1,11,,Sham operation,,1,56,68,,,,135,103
229,265,Eilam_2003_1m,10.1016/S0306-4522(03)00322-1,2,9,24,Naive,,1,30,30,3,,,52,18
230,266,Eilam_2003_2m,10.1016/S0306-4522(03)00322-1,2,9,24,Naive,,1,60,60,4,,,52,18
231,267,Kusnoor_2010_golgi,10.1002/cne.22350,2,1,14,Naive,,,90,150,4,,,,103
232,268,Lawrence_2012_golgi,10.1016/j.ntt.2011.08.002,1,17,,Naive,,3,21,21,,46,54,135,
233,269,McNeill_1990_25m,10.1016/0006-8993(90)91530-T,2,1,25,Naive,,,750,750,5,,,24,18
234,270,McNeill_1990_30m,10.1016/0006-8993(90)91530-T,2,1,25,Naive,,,900,900,5,,,24,18
235,272,Lieb_1996_P14,10.1016/0165-3806(96)00063-6,2,5,17,Naive,,3,14,14,2,5,8,17,199
236,273,Lieb_1996_P28,10.1016/0165-3806(96)00063-6,2,5,17,Naive,,3,28,28,2,12,18,17,199
237,274,Lieb_1996_P63,10.1016/0165-3806(96)00063-6,2,5,17,Naive,,3,63,63,4,19,24,17,199
238,275,Taylor_2014_12m,10.1016/J.NEUROPHARM.2013.08.033,2,9,50,Naive,,3,360,360,4,,,52,18
239,276,Taylor_2014_18m,10.1016/J.NEUROPHARM.2013.08.033,2,9,50,Naive,,3,540,540,5,,,52,18
240,277,Purisai_2007_graphdata,10.1016/J.NBD.2006.10.008,2,1,,Vehicle injection(s),,1,70,84,4,,,,
241,283,Tatenhorst_2014_140,10.1097/NEN.0000000000000095,2,1,,Sham intracranial injection,,1,140,140,4,,,,18
242,284,Löscher_2006_sham,10.1016/J.BRAINRES.2006.01.096,1,12,,Sham intracranial stimulation,,2,,,9,210,230,17,103
243,285,Abdurakhmanova_2017,10.1002/cne.24279,2,1,14,Naive,,3,49,63,4,,,137,18
244,286,Alexi_1997,10.1016/S0306-4522(97)83046-1,1,12,,Sham intracranial injection,,2,,,,200,220,52,18
245,287,Andreassen_2000,10.1016/S0304-3940(99)00939-8,1,11,,Vehicle injection(s),,2,,,,210,310,52,18
246,288,Andreassen_1999,10.1016/S0306-4522(98)00175-4,1,11,,Vehicle injection(s),,2,,,,225,310,261,18
247,289,Antzoulatos_2011,10.4061/2011/138471,2,1,,Sham operation,,1,77,91,4,,,24,43
248,290,Ashwell_1996,http://dx.doi.org/10.1080/00313029600169803,2,1,14,Naive,,3,15,15,2,5,7,119,103
249,291,Benes_1985,10.1016/0006-8993(85)90532-3,1,11,,Vehicle injection(s),,1,,,,195,205,263,103
250,292,Busceti_2008_PN1,10.1007/s00702-008-0112-x,2,14,,Naive,,,1,1,,,,,
251,293,Busceti_2008_PN8,10.1007/s00702-008-0112-x,2,14,,Naive,,,8,8,,,,,
252,294,Busceti_2008_PN16,10.1007/s00702-008-0112-x,2,14,,Naive,,,16,16,,,,,
253,295,Butler_1999,10.1016/S0306-4522(98)00358-3,1,11,,Vehicle injection(s),,3,21,21,2,,,265,103
254,296,Canudas_2000,10.1006/nbdi.2000.0308,1,11,,Unspecified normal control,,1,,,,210,250,52,18
255,297,Cao_2013_males,10.1038/tp.2013.21,1,11,,Naive,,1,35,36,3,,,119,167
256,298,Cao_2013_females,10.1038/tp.2013.21,1,11,,Naive,,2,35,36,3,,,119,167
257,299,Chakraborty_2014,10.1016/j.neuroscience.2014.09.035,1,11,,Vehicle injection(s),,1,140,168,9,350,400,52,52
258,300,Covey_2007,10.1203/PDR.0b013e318157d1fe,1,11,,Sham operation,,3,14,14,7,,,52,52
259,301,Cullity_2018_DRD1P17F,10.1002/cne.24574,2,18,,Genetic manipulation,11,2,17,17,2,,,,
260,302,Cullity_2018_DRD1P17M,10.1002/cne.24574,2,18,,Genetic manipulation,11,1,17,17,2,,,,
261,303,Cullity_2018_DRD1P25F,10.1002/cne.24574,2,18,,Genetic manipulation,11,2,25,25,2,,,,
262,304,Cullity_2018_DRD1P25M,10.1002/cne.24574,2,18,,Genetic manipulation,11,1,25,25,2,,,,
263,305,Cullity_2018_DRD1P35F,10.1002/cne.24574,2,18,,Genetic manipulation,11,2,35,35,3,,,,
264,306,Cullity_2018_DRD1P35M,10.1002/cne.24574,2,18,,Genetic manipulation,11,1,35,35,3,,,,
265,307,Cullity_2018_DRD1P49F,10.1002/cne.24574,2,18,,Genetic manipulation,11,2,49,49,3,,,,
266,308,Cullity_2018_DRD1P49M,10.1002/cne.24574,2,18,,Genetic manipulation,11,1,49,49,3,,,,
267,309,Cullity_2018_DRD1P70F,10.1002/cne.24574,2,18,,Genetic manipulation,11,2,70,70,4,,,,
268,310,Cullity_2018_DRD1P70M,10.1002/cne.24574,2,18,,Genetic manipulation,11,1,70,70,4,,,,
269,311,Cullity_2018_DRD2P17F,10.1002/cne.24574,2,18,,Genetic manipulation,12,2,17,17,2,,,,
270,312,Cullity_2018_DRD2P17M,10.1002/cne.24574,2,18,,Genetic manipulation,12,1,17,17,2,,,,
271,313,Cullity_2018_DRD2P25F,10.1002/cne.24574,2,18,,Genetic manipulation,12,2,25,25,2,,,,
272,314,Cullity_2018_DRD2P25M,10.1002/cne.24574,2,18,,Genetic manipulation,12,1,25,25,2,,,,
273,315,Cullity_2018_DRD2P35F,10.1002/cne.24574,2,18,,Genetic manipulation,12,2,35,35,3,,,,
274,316,Cullity_2018_DRD2P35M,10.1002/cne.24574,2,18,,Genetic manipulation,12,1,35,35,3,,,,
275,317,Cullity_2018_DRD2P49F,10.1002/cne.24574,2,18,,Genetic manipulation,12,2,49,49,3,,,,
276,318,Cullity_2018_DRD2P49M,10.1002/cne.24574,2,18,,Genetic manipulation,12,1,49,49,3,,,,
277,319,Cullity_2018_DRD2P70F,10.1002/cne.24574,2,18,,Genetic manipulation,12,2,70,70,4,,,,
278,320,Cullity_2018_DRD2P70M,10.1002/cne.24574,2,18,,Genetic manipulation,12,1,70,70,4,,,,
279,321,Filice_2016_wt,10.1186/s13041-016-0192-8,2,1,14,Naive,,1,25,25,2,,,52,18
280,322,Filice_2016_PVEGFP,10.1186/s13041-016-0192-8,2,1,,Genetic manipulation,13,1,25,25,2,,,52,18
281,323,Cuzon Carlson_2012,10.1016/j.baga.2011.11.002,2,23,,Genetic manipulation,14,,,,,,,135,18
282,324,Day-Wilson_2006,10.1016/j.neuroscience.2006.04.048,1,24,,Naive,,1,140,140,9,,,52,103
283,325,Dodds_2014,48727b68b39b82d5fe350f753984bcf9,2,,,Naive,,,84,84,4,,,52,18
284,326,Dos Santos_2018,10.1007/s00429-017-1532-x,2,1,,Genetic manipulation,15,1,,,4,,,119,18
285,327,Echeverry_2004,10.1016/j.neuroscience.2003.12.046,1,12,,Behavioral testing,,1,,,,200,220,224,18
286,328,Fischer_1992_3m,PMID:1311806,1,11,,Behavioral testing,,2,120,120,9,,,17,18
287,329,Fischer_1992_12m,PMID:1311806,1,11,,Behavioral testing,,2,390,390,9,,,17,18
288,330,Fischer_1992_18m,PMID:1311806,1,11,,Behavioral testing,,2,510,570,9,,,17,18
289,331,Fischer_1992_30m,PMID:1311806,1,11,,Behavioral testing,,2,870,930,10,,,17,18
290,332,Fukui_1989,PMID:2706479,1,12,,Vehicle injection(s),,1,,,9,180,220,52,121
291,333,Gomes_2015,10.1016/j.schres.2015.01.015,2,1,14,Vehicle injection(s),,1,73,73,4,,,224,18
292,334,Gomes_2008,10.1016/j.brainres.2008.01.088,1,12,,Sham intracranial injection,,1,,,9,200,250,224,18
293,335,Gomes_2003,10.1016/j.brainresbull.2003.08.010,1,12,,Sham intracranial injection,,1,,,9,200,250,224,18
294,336,Goodliffe_2018,10.1371/journal.pone.0200626,2,1,14,Genetic manipulation,,3,360,360,4,,,135,
295,337,Grosse_2005,10.1016/j.devbrainres.2004.12.012,2,9,,Naive,,,15,17,2,,,52,121
296,338,Guidetti_2001,10.1006/exnr.2000.7626,2,7,53,Behavioral testing,,,,,,,,52,
297,339,Hawlitschka_2017,10.1016/j.brainres.2017.09.016,2,1,14,Sham intracranial injection,,1,,,4,,,98,18
298,340,Ibanez-Sandoval_2010,10.1523/JNEUROSCI.5996-09.2010,2,7,,Genetic manipulation,16,,,,,,,98,18
299,341,Ihara_1986_adult,10.1016/0168-0102(86)90032-5,1,12,,Vehicle injection(s),,1,,,9,,,52,
300,342,Ihara_1986_young,10.1016/0168-0102(86)90032-5,1,12,,Vehicle injection(s),,1,,,,,,52,
301,343,Ijomone_2013,10.5214/ans.0972.7531.200203,1,12,,Oral gavage,,1,,,9,150,200,,
302,344,Ishimaru_1991_8w,PMID:1783978,1,12,,Behavioral testing,,1,56,56,8,,,,225
303,345,Ishimaru_1991_24m,PMID:1783978,1,12,,Behavioral testing,,1,720,720,10,,,,225
304,346,Johnston_1987,10.1016/0165-3806(87)90193-3,1,11,,Naive,,,19,28,6,,,17,103
305,347,Juckel_2011,10.1016/j.schres.2011.06.018,2,3,,Naive,,3,30,30,3,,,52,52
306,348,Kopp_1992,10.1016/0306-4522(92)90028-Z,1,11,,Vehicle injection(s),,1,,,4,,,,
307,349,Laprade_1997,PMID:9332731,1,11,,Vehicle injection(s),,1,,,9,,,,
308,350,Larsson_2001,PMID:11549375,1,12,,Sham operation,,1,,,,307,373,52,18
309,351,Lauber_2018,10.3389/fnmol.2018.00262,2,1,14,Naive,,1,24,26,2,,,52,18
310,352,Lauber_2016,10.3389/fnmol.2016.00150,2,1,14,Naive,,1,24,26,2,,,52,18
311,353,Lawhorn_2009,10.1016/j.neuroscience.2009.05.021,2,7,,Sham intracranial injection,,1,390,390,4,,,98,89
312,354,Lawhorn_2008,10.1016/j.nbd.2008.08.006,2,7,53,Behavioral testing,,3,390,390,3,,,52,89
313,355,Lee_2002,10.1016/S0304-3940(02)00987-4,1,15,52,Vehicle injection(s),,1,70,70,9,,,119,18
314,356,Leventhal_2002,10.1002/1096-9861(20001002)425:4<471::aid-cne1>3.0.co;2-u,1,16,,Sham intracranial injection,,1,90,90,9,250,300,246,18
315,357,Naito_1994,10.1016/0006-8993(94)90397-2,1,11,,Intracranial procedure,,1,,,,280,390,24,121
316,358,Lohr_2000,10.1007/s002130050039,1,11,,Vehicle injection(s),,1,390,390,9,,,24,89
317,359,Luk_2001,10.1016/S0306-4522(01)00038-0,1,11,,Naive,,1,35,42,8,,,24,18
318,360,Meshul_1994,10.1002/syn.890180306,1,11,,Vehicle injection(s),,1,,,9,180,200,98,92
319,361,Mu_2014,10.1159/000365891,1,11,,Vehicle injection(s),,1,,,9,250,300,24,18
320,362,Smith_2008,10.1016/j.biopsych.2007.09.020,2,,,Genetic manipulation,,,365,365,4,,,52,18
321,363,Murata_2003_P1,10.1016/S0165-3806(02)00646-6,1,11,,Naive,,,1,1,1,,,24,18
322,364,Murata_2003_P3,10.1016/S0165-3806(02)00646-6,1,11,,Naive,,,3,3,1,,,24,18
323,365,Murata_2003_P5,10.1016/S0165-3806(02)00646-6,1,11,,Naive,,,5,5,1,,,24,18
324,366,Murata_2003_P7,10.1016/S0165-3806(02)00646-6,1,11,,Naive,,,7,7,1,,,24,18
325,367,Murata_2003_P10,10.1016/S0165-3806(02)00646-6,1,11,,Naive,,,10,10,1,,,24,18
326,368,Murata_2003_P14,10.1016/S0165-3806(02)00646-6,1,11,,Naive,,,14,14,2,,,24,18
327,369,Murata_2003_P21,10.1016/S0165-3806(02)00646-6,1,11,,Naive,,,21,21,2,,,24,18
328,370,Murata_2003_P28,10.1016/S0165-3806(02)00646-6,1,11,,Naive,,,28,28,2,,,24,18
329,371,Murata_2003_P35,10.1016/S0165-3806(02)00646-6,1,11,,Naive,,,35,35,3,,,24,18
330,372,Normand_1987,10.1016/0304-3940(87)90091-7,1,,,Vehicle injection(s),,1,,,9,120,120,17,225
331,373,Peterson_1999,10.1002/(SICI)1096-9861(19990201)404:1<1::AID-CNE1>3.0.CO;2-#,2,9,54,Behavioral testing,,1,,,8,,,301,103
332,374,Padungchaichot_1999,10.1016/S0306-4522(99)00497-2,2,,,Naive,,,3,4,1,,,24,92
333,375,Petersen_2000,10.1016/S0006-8993(00)02017-5,1,11,,Vehicle injection(s),,2,,,9,,,52,18
334,376,Ramaswamy_2009,10.1016/j.nbd.2008.12.005,2,,,Sham intracranial injection,,,112,112,4,,,98,92
335,377,Ren_2017,10.3389/fncir.2017.00057,2,,,Genetic manipulation,17,,,,,,,24,18
336,378,Richner_2009_6m,10.1016/j.brainres.2009.02.025,2,,,Naive,,2,180,180,4,,,119,18
337,379,Richner_2009_12m,10.1016/j.brainres.2009.02.025,2,,,Naive,,2,360,360,4,,,119,18
338,380,Roberts_2001,10.1002/1098-2396(20010101)39:1<8::AID-SYN2>3.0.CO;2-K,1,11,,Behavioral testing,,1,,,9,721,998,98,103
339,381,Roberts_1995b,10.1002/syn.890200307,1,11,,Naive,,1,,,9,,,98,103
340,382,Robinson_1995,10.1016/0165-3806(96)83484-5,2,9,55,Naive,,,42,,8,,,169,103
341,383,Rodriguez_1999,10.1002/(SICI)1098-2396(19990915)33:4<289::AID-SYN6>3.0.CO;2-I,1,11,,Vehicle injection(s),,1,,,9,,,24,151
342,384,Rymar_2004,10.1002/cne.11008,1,11,,Naive,,2,35,42,8,,,24,18
343,385,Salin_1990,10.1016/0006-8993(90)91520-Q,1,12,,Naive,,2,,,,250,250,17,18
344,386,Salin_1990b,10.1007/BF00733640,1,11,,Vehicle injection(s),,1,,,9,250,300,,
345,387,Samadi_2013_11w,10.1111/j.1601-183X.2012.00858.x,2,9,56,Behavioral testing,,1,77,77,4,,,52,18
346,388,Samadi_2013_13w,10.1111/j.1601-183X.2012.00858.x,2,9,56,Behavioral testing,,1,91,91,4,,,52,18
347,389,Saraceno_2012,10.1002/syn.20978,1,11,,Naive,,1,30,30,8,,,303,18
348,390,Saylor_2006,10.1016/j.expneurol.2006.01.004,2,1,,Naive,,,720,720,5,,,,103
349,391,Sharpe_1998_P10,PMID:9578403,1,11,,Intracranial procedure,,,9,10,7,,,224,103
350,392,Sharpe_1998_P15,PMID:9578403,1,11,,Intracranial procedure,,,14,15,7,,,224,103
351,393,Sharpe_1998_P21,PMID:9578403,1,11,,Intracranial procedure,,,21,21,6,,,224,103
352,394,Sharpe_1998_adult,PMID:9578403,1,11,,Intracranial procedure,,,56,,,,,224,103
353,395,Sirinathsinghji_1991,10.1016/0169-328X(91)90011-L,1,12,,Sham intracranial injury,,2,,,9,,,,
354,396,Song_2013,10.1016/j.nbd.2013.01.008,2,1,14,Naive,,3,90,180,4,,,175,18
355,397,Suarez_2013_wt,10.1016/j.biopsych.2013.05.006,2,1,,Sham intracranial injection,,1,90,120,4,,,52,18
356,398,Suarez_2013_D1R,10.1016/j.biopsych.2013.05.006,2,,,Sham intracranial injection,18,1,90,120,4,,,52,18
357,399,Suarez_2013_D2R,10.1016/j.biopsych.2013.05.006,2,,,Sham intracranial injection,19,1,90,120,4,,,52,18
358,400,Uehara-Kunugi_1991,PMID:1914139,1,12,,Naive,,1,2,2,7,,,119,18
359,401,Uryu_2001,PMID:11672598,1,11,,Sham intracranial injury,,1,,,9,,,41,103
360,402,Van de Berg_2002,10.1006/exnr.2001.7855,1,12,,Naive,,1,21,21,6,40,45,24,92
361,403,Zhang_2017,10.1038/s41598-017-14699-w,2,,,Genetic manipulation,20,3,84,84,4,,,24,167
362,404,Yoshikawa_2010_cvneun,10.3171/2010.2.JNS09989,1,12,,Sham operation,,1,,,9,,,169,18
363,405,Yoshikawa_2010_immuno,10.3171/2010.2.JNS09989,1,12,,Sham operation,,1,,,9,,,169,18
364,406,Yamada_1996_aged,PMID:8861109,1,12,,Behavioral testing,,1,900,900,10,375,425,24,18
365,407,Yamada_1996_young,PMID:8861109,1,12,,Behavioral testing,,1,90,90,9,280,300,24,18
366,408,Yalcin-Cakmakli_2018_3m,10.3389/fnsys.2018.00028,2,9,57,Naive,,3,90,90,4,,,135,18
367,409,Yalcin-Cakmakli_2018_15m,10.3389/fnsys.2018.00028,2,9,57,Naive,,3,450,450,4,,,135,18
368,410,Xu_2007_p10,10.1016/j.neuroscience.2006.12.029,2,,,Naive,,,10,10,1,,,119,18
369,411,Xu_2007_p20,10.1016/j.neuroscience.2006.12.029,2,,,Naive,,,20,20,2,,,119,18
370,412,Xu_2007_p30,10.1016/j.neuroscience.2006.12.029,2,,,Naive,,,30,30,3,,,119,18
371,413,Xu_2007_p60,10.1016/j.neuroscience.2006.12.029,2,,,Naive,,,60,60,4,,,119,18
372,414,Zhang_2016,10.1111/adb.12462,2,,,Vehicle injection(s),,1,49,70,,,,52,52
373,415,Zheng_2018,10.1016/j.neuint.2018.04.005,1,11,,Naive,,1,,,,250,300,24,121
374,416,Zoli_1990,10.1016/0165-3806(90)90257-Y,1,11,,Vehicle injection(s),,1,90,90,9,,,52,18
